Workbook

Sheet Evaluacion individual
A1: Grupo | B1: Codigo | C1: Estudiante | D1: C1 ETL SQL | E1: C2 Ingesta | F1: C3 dbt/marts | G1: C4 Modelo BI | H1: C5 Calidad | I1: C6 Participacion | J1: Puntaje 0-18 | K1: Nota 0-20 | L1: Observaciones
A2: Grupo 1 | J2: =SUM(D2) -> 0 | K2: =ROUND(J2*20/18,2) -> 0
A3: Grupo 1 | J3: =SUM(D3) -> 0 | K3: =ROUND(J3*20/18,2) -> 0
A4: Grupo 1 | J4: =SUM(D4) -> 0 | K4: =ROUND(J4*20/18,2) -> 0
A5: Grupo 1 | J5: =SUM(D5) -> 0 | K5: =ROUND(J5*20/18,2) -> 0
A6: Grupo 1 | J6: =SUM(D6) -> 0 | K6: =ROUND(J6*20/18,2) -> 0
A7: Grupo 1 | J7: =SUM(D7) -> 0 | K7: =ROUND(J7*20/18,2) -> 0
A8: Grupo 2 | J8: =SUM(D8) -> 0 | K8: =ROUND(J8*20/18,2) -> 0
A9: Grupo 2 | J9: =SUM(D9) -> 0 | K9: =ROUND(J9*20/18,2) -> 0
A10: Grupo 2 | J10: =SUM(D10) -> 0 | K10: =ROUND(J10*20/18,2) -> 0
A11: Grupo 2 | J11: =SUM(D11) -> 0 | K11: =ROUND(J11*20/18,2) -> 0
A12: Grupo 2 | J12: =SUM(D12) -> 0 | K12: =ROUND(J12*20/18,2) -> 0
A13: Grupo 2 | J13: =SUM(D13) -> 0 | K13: =ROUND(J13*20/18,2) -> 0
... A67: Grupo 11 | J67: =SUM(D67) -> 0 | K67: =ROUND(J67*20/18,2) -> 0

Sheet Rubrica
A1: Criterio | B1: Sesion evaluada | C1: N3 - Logro alto | D1: N2 - Esperado | E1: N1 - En proceso | F1: N0 - Deficiente
A2: 1. ETL manual y DataMart inicial con SQL | B2: Sesion 6 | C2: Implementa dimensiones y hechos, carga datos con SQL y documenta grano, claves, transformación, carga y validación analítica | D2: Implementa el DataMart manual con errores menores o documentación parcial | E2: DataMart o ETL manual incompleto | F2: No implementa DataMart manual ni ETL SQL
A3: 2. Extracción / ingesta con herramientas | B3: Sesion 7 | C3: Evidencia separación OLTP-DW e ingesta funcional con Airbyte, Debezium o equivalente hacia raw | D3: Ingesta funcional con evidencia parcial | E3: Ingesta incompleta o poco verificable | F3: No implementa ingesta con herramientas
A4: 3. Transformación, carga analítica y optimización con dbt | B4: Sesion 7 | C4: Usa dbt/equivalente para sources, staging y marts, materializando dimensiones/hechos | D4: Construye staging y marts con documentación parcial | E4: Transformación parcial o desordenada | F4: No usa dbt ni equivalente
A5: 4. Modelo semántico y métricas BI | B5: Sesion 8 | C5: Construye relaciones, cardinalidades, jerarquías, medidas y agregaciones coherentes | D5: Modelo funcional con errores menores | E5: Modelo incompleto o medidas poco confiables | F5: No presenta modelo semántico ni medidas
A6: 5. Validación multinivel y calidad de datos | B6: Sesiones 6, 7 y 8 | C6: Valida OLTP vs raw, raw vs staging, staging vs marts, SQL analítico y Power BI | D6: Valida niveles principales con cobertura parcial | E6: Validación superficial | F6: No valida calidad ni resultados
A7: 6. Participación individual del equipo | B7: Transversal | C7: Cada integrante evidencia aportes claros, verificables y equilibrados | D7: La mayoría evidencia aportes | E7: Participación desigual o poco verificable | F7: No se evidencia participación individual

Sheet Resumen grupos
A1: Grupo | B1: Integrantes evaluados | C1: Promedio nota | D1: Nota maxima | E1: Nota minima
A2: Grupo 1 | B2: =COUNTIF('Evaluacion individual'!A:A,A2) -> 6 | C2: =AVERAGEIF('Evaluacion individual'!A:A,A2,'Evaluacion individual'!K:K) -> 0 | D2: =_xlfn.MAXIFS('Evaluacion individual'!K:K,'Evaluacion individual'!A:A,A2) -> 0 | E2: =_xlfn.MINIFS('Evaluacion individual'!K:K,'Evaluacion individual'!A:A,A2) -> 0
A3: Grupo 2 | B3: =COUNTIF('Evaluacion individual'!A:A,A3) -> 6 | C3: =AVERAGEIF('Evaluacion individual'!A:A,A3,'Evaluacion individual'!K:K) -> 0 | D3: =_xlfn.MAXIFS('Evaluacion individual'!K:K,'Evaluacion individual'!A:A,A3) -> 0 | E3: =_xlfn.MINIFS('Evaluacion individual'!K:K,'Evaluacion individual'!A:A,A3) -> 0
A4: Grupo 3 | B4: =COUNTIF('Evaluacion individual'!A:A,A4) -> 6 | C4: =AVERAGEIF('Evaluacion individual'!A:A,A4,'Evaluacion individual'!K:K) -> 0 | D4: =_xlfn.MAXIFS('Evaluacion individual'!K:K,'Evaluacion individual'!A:A,A4) -> 0 | E4: =_xlfn.MINIFS('Evaluacion individual'!K:K,'Evaluacion individual'!A:A,A4) -> 0
A5: Grupo 4 | B5: =COUNTIF('Evaluacion individual'!A:A,A5) -> 6 | C5: =AVERAGEIF('Evaluacion individual'!A:A,A5,'Evaluacion individual'!K:K) -> 0 | D5: =_xlfn.MAXIFS('Evaluacion individual'!K:K,'Evaluacion individual'!A:A,A5) -> 0 | E5: =_xlfn.MINIFS('Evaluacion individual'!K:K,'Evaluacion individual'!A:A,A5) -> 0
A6: Grupo 5 | B6: =COUNTIF('Evaluacion individual'!A:A,A6) -> 6 | C6: =AVERAGEIF('Evaluacion individual'!A:A,A6,'Evaluacion individual'!K:K) -> 0 | D6: =_xlfn.MAXIFS('Evaluacion individual'!K:K,'Evaluacion individual'!A:A,A6) -> 0 | E6: =_xlfn.MINIFS('Evaluacion individual'!K:K,'Evaluacion individual'!A:A,A6) -> 0
A7: Grupo 6 | B7: =COUNTIF('Evaluacion individual'!A:A,A7) -> 6 | C7: =AVERAGEIF('Evaluacion individual'!A:A,A7,'Evaluacion individual'!K:K) -> 0 | D7: =_xlfn.MAXIFS('Evaluacion individual'!K:K,'Evaluacion individual'!A:A,A7) -> 0 | E7: =_xlfn.MINIFS('Evaluacion individual'!K:K,'Evaluacion individual'!A:A,A7) -> 0
A8: Grupo 7 | B8: =COUNTIF('Evaluacion individual'!A:A,A8) -> 6 | C8: =AVERAGEIF('Evaluacion individual'!A:A,A8,'Evaluacion individual'!K:K) -> 0 | D8: =_xlfn.MAXIFS('Evaluacion individual'!K:K,'Evaluacion individual'!A:A,A8) -> 0 | E8: =_xlfn.MINIFS('Evaluacion individual'!K:K,'Evaluacion individual'!A:A,A8) -> 0
A9: Grupo 8 | B9: =COUNTIF('Evaluacion individual'!A:A,A9) -> 6 | C9: =AVERAGEIF('Evaluacion individual'!A:A,A9,'Evaluacion individual'!K:K) -> 0 | D9: =_xlfn.MAXIFS('Evaluacion individual'!K:K,'Evaluacion individual'!A:A,A9) -> 0 | E9: =_xlfn.MINIFS('Evaluacion individual'!K:K,'Evaluacion individual'!A:A,A9) -> 0
A10: Grupo 9 | B10: =COUNTIF('Evaluacion individual'!A:A,A10) -> 6 | C10: =AVERAGEIF('Evaluacion individual'!A:A,A10,'Evaluacion individual'!K:K) -> 0 | D10: =_xlfn.MAXIFS('Evaluacion individual'!K:K,'Evaluacion individual'!A:A,A10) -> 0 | E10: =_xlfn.MINIFS('Evaluacion individual'!K:K,'Evaluacion individual'!A:A,A10) -> 0
A11: Grupo 10 | B11: =COUNTIF('Evaluacion individual'!A:A,A11) -> 6 | C11: =AVERAGEIF('Evaluacion individual'!A:A,A11,'Evaluacion individual'!K:K) -> 0 | D11: =_xlfn.MAXIFS('Evaluacion individual'!K:K,'Evaluacion individual'!A:A,A11) -> 0 | E11: =_xlfn.MINIFS('Evaluacion individual'!K:K,'Evaluacion individual'!A:A,A11) -> 0
A12: Grupo 11 | B12: =COUNTIF('Evaluacion individual'!A:A,A12) -> 6 | C12: =AVERAGEIF('Evaluacion individual'!A:A,A12,'Evaluacion individual'!K:K) -> 0 | D12: =_xlfn.MAXIFS('Evaluacion individual'!K:K,'Evaluacion individual'!A:A,A12) -> 0 | E12: =_xlfn.MINIFS('Evaluacion individual'!K:K,'Evaluacion individual'!A:A,A12) -> 0
